Date,Astronomy,MaxtempC,MaxtempF,MintempC,MintempF,TotalSnowCm,SunHour,UvIndex,Hourly
2009-02-05,"(06:42 AM,05:19 PM,12:32 PM,02:54 AM,New Moon,0)",18,65,13,56,0.0,8.7,0,"(0,15,59,11,17,61,ENE,113,((http://cdn.worldweatheronline.net/images/wsymbols01_png_64/wsymbol_0008_clear_sky_night.png)),((Clear)),0.0,86,10,1018,1,15,59,13,55,14,57,15,23,14,57),(300,14,57,12,19,56,ENE,113,((http://cdn.worldweatheronline.net/images/wsymbols01_png_64/wsymbol_0008_clear_sky_night.png)),((Clear)),0.0,86,10,1017,2,14,57,12,53,12,54,20,32,12,54),(600,13,56,10,15,56,NE,113,((http://cdn.worldweatheronline.net/images/wsymbols01_png_64/wsymbol_0008_clear_sky_night.png)),((Clear)),0.0,87,10,1016,15,13,56,11,52,12,53,18,29,12,53),(900,15,59,11,17,58,ENE,113,((http://cdn.worldweatheronline.net/images/wsymbols01_png_64/wsymbol_0001_sunny.png)),((Sunny)),0.0,83,10,1015,6,15,59,12,54,15,59,14,23,15,59),(1200,17,63,10,16,74,ENE,113,((http://cdn.worldweatheronline.net/images/wsymbols01_png_64/wsymbol_0001_sunny.png)),((Sunny)),0.0,72,10,1015,7,17,63,12,54,17,63,11,18,17,63),(1500,18,65,10,15,71,ENE,113,((http://cdn.worldweatheronline.net/images/wsymbols01_png_64/wsymbol_0001_sunny.png)),((Sunny)),0.0,70,10,1014,19,18,65,13,55,18,65,11,18,18,65),(1800,17,63,9,14,70,ENE,113,((http://cdn.worldweatheronline.net/images/wsymbols01_png_64/wsymbol_0008_clear_sky_night.png)),((Clear)),0.0,76,10,1012,7,17,63,13,56,17,63,10,17,17,63),(2100,16,60,9,14,50,NE,113,((http://cdn.worldweatheronline.net/images/wsymbols01_png_64/wsymbol_0008_clear_sky_night.png)),((Clear)),0.0,81,10,1012,0,16,60,13,55,16,60,12,19,16,60)"
2009-02-06,"(06:41 AM,05:20 PM,01:39 PM,03:58 AM,Waxing Crescent,0)",18,64,13,56,0.0,8.7,0,"(0,14,56,9,14,41,NE,113,((http://cdn.worldweatheronline.net/images/wsymbols01_png_64/wsymbol_0008_clear_sky_night.png)),((Clear)),0.0,84,10,1012,0,14,56,11,52,12,54,17,27,12,54),(300,13,56,10,16,27,NNE,113,((http://cdn.worldweatheronline.net/images/wsymbols01_png_64/wsymbol_0008_clear_sky_night.png)),((Clear)),0.0,84,10,1012,0,13,56,11,51,12,53,18,28,12,53),(600,13,56,9,14,23,NNE,113,((http://cdn.worldweatheronline.net/images/wsymbols01_png_64/wsymbol_0008_clear_sky_night.png)),((Clear)),0.0,84,10,1012,3,13,56,11,51,12,54,15,25,12,54),(900,14,58,7,12,21,NNE,113,((http://cdn.worldweatheronline.net/images/wsymbols01_png_64/wsymbol_0001_sunny.png)),((Sunny)),0.0,77,10,1013,3,14,58,10,51,14,56,11,17,14,56),(1200,17,62,4,7,340,NNW,113,((http://cdn.worldweatheronline.net/images/wsymbols01_png_64/wsymbol_0001_sunny.png)),((Sunny)),0.0,65,10,1013,2,17,62,10,50,17,62,5,9,17,62),(1500,18,64,3,5,315,NW,113,((http://cdn.worldweatheronline.net/images/wsymbols01_png_64/wsymbol_0001_sunny.png)),((Sunny)),0.0,61,10,1013,2,18,64,10,50,18,64,4,6,18,64),(1800,16,60,2,3,227,SW,113,((http://cdn.worldweatheronline.net/images/wsymbols01_png_64/wsymbol_0008_clear_sky_night.png)),((Clear)),0.0,75,10,1013,8,16,60,12,53,16,60,2,4,16,60),(2100,14,56,2,4,293,WNW,113,((http://cdn.worldweatheronline.net/images/wsymbols01_png_64/wsymbol_0008_clear_sky_night.png)),((Clear)),0.0,83,10,1014,9,14,56,11,51,14,57,5,8,14,57)"
2009-02-07,"(06:41 AM,05:21 PM,02:53 PM,04:55 AM,Waxing Crescent,7)",17,63,12,54,0.0,8.7,0,"(0,13,55,4,6,283,WNW,113,((http://cdn.worldweatheronline.net/images/wsymbols01_png_64/wsymbol_0008_clear_sky_night.png)),((Clear)),0.0,86,10,1014,5,13,55,10,51,13,55,7,12,13,55),(300,13,55,6,9,280,W,113,((http://cdn.worldweatheronline.net/images/wsymbols01_png_64/wsymbol_0008_clear_sky_night.png)),((Clear)),0.0,87,10,1014,5,13,55,10,51,12,53,11,17,12,53),(600,12,54,5,8,262,W,113,((http://cdn.worldweatheronline.net/images/wsymbols01_png_64/wsymbol_0008_clear_sky_night.png)),((Clear)),0.0,88,10,1014,9,12,54,10,50,12,53,10,15,12,53),(900,14,57,6,9,262,W,113,((http://cdn.worldweatheronline.net/images/wsymbols01_png_64/wsymbol_0001_sunny.png)),((Sunny)),0.0,84,10,1015,21,14,57,11,53,13,56,8,13,13,56),(1200,17,62,1,2,250,WSW,113,((http://cdn.worldweatheronline.net/images/wsymbols01_png_64/wsymbol_0001_sunny.png)),((Sunny)),0.0,70,10,1016,19,17,62,11,52,17,62,2,3,17,62),(1500,17,63,4,6,250,WSW,176,((http://cdn.worldweatheronline.net/images/wsymbols01_png_64/wsymbol_0009_light_rain_showers.png)),((Patchy rain possible)),0.2,69,9,1015,21,17,63,11,52,17,63,5,8,17,63),(1800,15,60,4,6,244,WSW,113,((http://cdn.worldweatheronline.net/images/wsymbols01_png_64/wsymbol_0008_clear_sky_night.png)),((Clear)),0.0,80,10,1015,6,15,60,12,53,15,60,7,11,15,60),(2100,15,58,6,9,217,SW,116,((http://cdn.worldweatheronline.net/images/wsymbols01_png_64/wsymbol_0004_black_low_cloud.png)),((Partly cloudy)),0.0,83,10,1016,47,15,58,12,53,14,58,10,15,14,58)"
2009-02-08,"(06:40 AM,05:22 PM,04:08 PM,05:43 AM,Waxing Crescent,14)",18,64,13,56,0.0,8.7,0,"(0,15,59,5,9,230,SW,113,((http://cdn.worldweatheronline.net/images/wsymbols01_png_64/wsymbol_0008_clear_sky_night.png)),((Clear)),0.0,82,10,1016,10,15,59,12,53,15,58,8,13,15,58),(300,14,57,5,8,212,SSW,113,((http://cdn.worldweatheronline.net/images/wsymbols01_png_64/wsymbol_0008_clear_sky_night.png)),((Clear)),0.0,83,10,1016,10,14,57,11,52,14,57,9,14,14,57),(600,13,56,6,10,223,SW,113,((http://cdn.worldweatheronline.net/images/wsymbols01_png_64/wsymbol_0008_clear_sky_night.png)),((Clear)),0.0,84,10,1016,11,13,56,11,51,13,55,12,19,13,55),(900,15,59,6,10,172,S,113,((http://cdn.worldweatheronline.net/images/wsymbols01_png_64/wsymbol_0001_sunny.png)),((Sunny)),0.0,78,10,1016,19,15,59,11,53,15,59,10,15,15,59),(1200,17,63,5,8,155,SSE,116,((http://cdn.worldweatheronline.net/images/wsymbols01_png_64/wsymbol_0002_sunny_intervals.png)),((Partly cloudy)),0.0,71,10,1016,47,17,63,12,53,17,63,7,12,17,63),(1500,18,64,5,8,110,ESE,116,((http://cdn.worldweatheronline.net/images/wsymbols01_png_64/wsymbol_0002_sunny_intervals.png)),((Partly cloudy)),0.0,70,10,1015,47,18,64,12,54,18,64,6,9,18,64),(1800,17,63,10,16,84,E,116,((http://cdn.worldweatheronline.net/images/wsymbols01_png_64/wsymbol_0004_black_low_cloud.png)),((Partly cloudy)),0.0,78,10,1014,56,17,63,13,56,17,63,14,22,17,63),(2100,16,60,13,22,82,E,116,((http://cdn.worldweatheronline.net/images/wsymbols01_png_64/wsymbol_0004_black_low_cloud.png)),((Partly cloudy)),0.0,77,10,1014,44,16,60,12,53,16,60,22,35,16,60)"
2009-02-09,"(06:39 AM,05:23 PM,05:23 PM,06:22 AM,Waxing Crescent,21)",19,66,13,56,0.0,5.6,0,"(0,15,60,14,23,85,E,116,((http://cdn.worldweatheronline.net/images/wsymbols01_png_64/wsymbol_0004_black_low_cloud.png)),((Partly cloudy)),0.0,81,10,1012,48,15,60,12,54,15,60,24,39,15,60),(300,14,58,12,19,64,ENE,119,((http://cdn.worldweatheronline.net/images/wsymbols01_png_64/wsymbol_0004_black_low_cloud.png)),((Cloudy)),0.1,83,10,1011,75,14,58,11,53,13,55,24,38,13,55),(600,13,56,13,21,64,ENE,266,((http://cdn.worldweatheronline.net/images/wsymbols01_png_64/wsymbol_0033_cloudy_with_light_rain_night.png)),((Light drizzle)),0.3,87,2,1011,100,13,56,11,52,12,53,27,43,12,53),(900,16,60,12,20,73,ENE,263,((http://cdn.worldweatheronline.net/images/wsymbols01_png_64/wsymbol_0009_light_rain_showers.png)),((Patchy light drizzle)),0.4,84,5,1009,61,16,60,13,55,16,60,19,31,16,60),(1200,18,64,13,21,80,E,122,((http://cdn.worldweatheronline.net/images/wsymbols01_png_64/wsymbol_0004_black_low_cloud.png)),((Overcast)),0.0,79,10,1008,90,18,64,14,57,18,64,16,26,18,64),(1500,19,66,10,16,122,ESE,113,((http://cdn.worldweatheronline.net/images/wsymbols01_png_64/wsymbol_0001_sunny.png)),((Sunny)),0.0,72,10,1007,21,19,66,14,56,19,66,13,21,19,66),(1800,18,64,5,8,190,S,113,((http://cdn.worldweatheronline.net/images/wsymbols01_png_64/wsymbol_0008_clear_sky_night.png)),((Clear)),0.0,79,10,1007,15,18,64,14,57,18,64,7,11,18,64),(2100,16,61,15,24,269,W,113,((http://cdn.worldweatheronline.net/images/wsymbols01_png_64/wsymbol_0008_clear_sky_night.png)),((Clear)),0.2,82,10,1008,11,16,61,13,55,16,61,19,30,16,61)"
2009-02-10,"(06:38 AM,05:24 PM,06:34 PM,06:57 AM,First Quarter,28)",15,58,12,53,0.0,8.7,0,"(0,13,55,13,21,239,WSW,113,((http://cdn.worldweatheronline.net/images/wsymbols01_png_64/wsymbol_0008_clear_sky_night.png)),((Clear)),0.4,76,10,1009,7,13,55,9,47,11,51,24,39,11,51),(300,12,54,15,25,249,WSW,176,((http://cdn.worldweatheronline.net/images/wsymbols01_png_64/wsymbol_0025_light_rain_showers_night.png)),((Patchy rain possible)),0.8,78,9,1008,12,12,54,8,47,10,49,27,43,10,49),(600,12,53,15,24,250,WSW,176,((http://cdn.worldweatheronline.net/images/wsymbols01_png_64/wsymbol_0025_light_rain_showers_night.png)),((Patchy rain possible)),0.2,80,9,1008,33,12,53,8,47,9,48,24,39,9,48),(900,13,55,13,22,244,WSW,176,((http://cdn.worldweatheronline.net/images/wsymbols01_png_64/wsymbol_0009_light_rain_showers.png)),((Patchy rain possible)),0.4,78,9,1007,36,13,55,9,48,11,51,17,28,11,51),(1200,14,57,14,22,250,WSW,353,((http://cdn.worldweatheronline.net/images/wsymbols01_png_64/wsymbol_0009_light_rain_showers.png)),((Light rain shower)),0.9,73,10,1006,50,14,57,9,49,12,54,18,29,12,54),(1500,15,58,16,26,265,W,353,((http://cdn.worldweatheronline.net/images/wsymbols01_png_64/wsymbol_0009_light_rain_showers.png)),((Light rain shower)),2.3,75,10,1006,41,15,58,10,51,13,55,24,39,13,55),(1800,14,57,16,25,263,W,176,((http://cdn.worldweatheronline.net/images/wsymbols01_png_64/wsymbol_0025_light_rain_showers_night.png)),((Patchy rain possible)),0.2,75,9,1006,15,14,57,10,49,12,54,18,30,12,54),(2100,13,56,16,26,281,WNW,113,((http://cdn.worldweatheronline.net/images/wsymbols01_png_64/wsymbol_0008_clear_sky_night.png)),((Clear)),0.2,75,10,1007,6,13,56,9,48,11,52,21,33,11,52)"
2009-02-11,"(06:37 AM,05:25 PM,07:42 PM,07:27 AM,First Quarter,34)",16,60,12,53,0.0,8.7,0,"(0,13,56,17,28,303,WNW,113,((http://cdn.worldweatheronline.net/images/wsymbols01_png_64/wsymbol_0008_clear_sky_night.png)),((Clear)),0.0,70,10,1008,4,13,56,8,46,11,52,27,44,11,52),(300,12,54,13,22,302,WNW,113,((http://cdn.worldweatheronline.net/images/wsymbols01_png_64/wsymbol_0008_clear_sky_night.png)),((Clear)),0.0,70,10,1010,2,12,54,7,45,10,51,23,36,10,51),(600,12,53,14,23,292,WNW,113,((http://cdn.worldweatheronline.net/images/wsymbols01_png_64/wsymbol_0008_clear_sky_night.png)),((Clear)),0.0,71,10,1011,2,12,53,7,44,10,49,27,44,10,49),(900,13,56,10,16,281,W,113,((http://cdn.worldweatheronline.net/images/wsymbols01_png_64/wsymbol_0001_sunny.png)),((Sunny)),0.0,69,10,1012,5,13,56,8,46,12,54,14,23,12,54),(1200,15,59,12,20,265,W,113,((http://cdn.worldweatheronline.net/images/wsymbols01_png_64/wsymbol_0001_sunny.png)),((Sunny)),0.0,65,10,1014,11,15,59,8,47,14,56,16,26,14,56),(1500,16,60,15,24,257,WSW,116,((http://cdn.worldweatheronline.net/images/wsymbols01_png_64/wsymbol_0002_sunny_intervals.png)),((Partly cloudy)),0.0,64,10,1014,33,16,60,9,48,16,60,20,32,16,60),(1800,15,59,13,21,258,WSW,116,((http://cdn.worldweatheronline.net/images/wsymbols01_png_64/wsymbol_0004_black_low_cloud.png)),((Partly cloudy)),0.0,74,10,1014,58,15,59,10,51,14,56,15,24,14,56),(2100,14,57,11,18,237,WSW,119,((http://cdn.worldweatheronline.net/images/wsymbols01_png_64/wsymbol_0004_black_low_cloud.png)),((Cloudy)),0.0,75,10,1014,82,14,57,10,49,12,54,17,27,12,54)"
2009-02-12,"(06:36 AM,05:26 PM,08:48 PM,07:56 AM,First Quarter,41)",18,64,15,58,0.0,8.7,0,"(0,14,58,12,19,240,WSW,122,((http://cdn.worldweatheronline.net/images/wsymbols01_png_64/wsymbol_0004_black_low_cloud.png)),((Overcast)),0.0,78,10,1015,95,14,58,11,51,13,56,17,28,13,56),(300,15,58,11,18,216,SW,119,((http://cdn.worldweatheronline.net/images/wsymbols01_png_64/wsymbol_0004_black_low_cloud.png)),((Cloudy)),0.1,81,10,1014,65,15,58,11,52,13,56,16,26,13,56),(600,15,58,12,20,217,SW,113,((http://cdn.worldweatheronline.net/images/wsymbols01_png_64/wsymbol_0008_clear_sky_night.png)),((Clear)),0.1,78,10,1014,10,15,58,11,52,13,56,19,30,13,56),(900,15,59,13,20,212,SSW,113,((http://cdn.worldweatheronline.net/images/wsymbols01_png_64/wsymbol_0001_sunny.png)),((Sunny)),0.1,76,10,1014,5,15,59,11,52,15,59,17,28,15,59),(1200,17,63,13,21,204,SSW,113,((http://cdn.worldweatheronline.net/images/wsymbols01_png_64/wsymbol_0001_sunny.png)),((Sunny)),0.0,65,10,1015,4,17,63,11,51,17,63,17,27,17,63),(1500,18,64,13,20,213,SSW,113,((http://cdn.worldweatheronline.net/images/wsymbols01_png_64/wsymbol_0001_sunny.png)),((Sunny)),0.0,63,10,1015,14,18,64,11,51,18,64,17,28,18,64),(1800,16,61,9,14,201,SSW,113,((http://cdn.worldweatheronline.net/images/wsymbols01_png_64/wsymbol_0008_clear_sky_night.png)),((Clear)),0.0,72,10,1015,7,16,61,11,52,16,61,15,23,16,61),(2100,15,58,8,13,199,SSW,113,((http://cdn.worldweatheronline.net/images/wsymbols01_png_64/wsymbol_0008_clear_sky_night.png)),((Clear)),0.0,78,10,1016,5,15,58,11,51,14,57,13,21,14,57)"
2009-02-13,"(06:35 AM,05:27 PM,09:52 PM,08:24 AM,First Quarter,48)",19,65,11,52,0.0,8.7,0,"(0,13,55,6,9,187,S,116,((http://cdn.worldweatheronline.net/images/wsymbols01_png_64/wsymbol_0004_black_low_cloud.png)),((Partly cloudy)),0.0,82,10,1016,57,13,55,10,50,12,54,11,18,12,54),(300,12,53,2,4,177,S,116,((http://cdn.worldweatheronline.net/images/wsymbols01_png_64/wsymbol_0004_black_low_cloud.png)),((Partly cloudy)),0.0,84,10,1015,48,12,53,9,48,12,53,5,8,12,53),(600,11,52,4,7,92,E,116,((http://cdn.worldweatheronline.net/images/wsymbols01_png_64/wsymbol_0004_black_low_cloud.png)),((Partly cloudy)),0.0,85,10,1014,54,11,52,9,48,11,51,9,15,11,51),(900,14,58,6,10,89,E,113,((http://cdn.worldweatheronline.net/images/wsymbols01_png_64/wsymbol_0001_sunny.png)),((Sunny)),0.0,80,10,1014,3,14,58,11,51,14,57,10,15,14,57),(1200,18,65,8,13,83,E,113,((http://cdn.worldweatheronline.net/images/wsymbols01_png_64/wsymbol_0001_sunny.png)),((Sunny)),0.0,70,10,1013,3,18,65,13,55,18,65,9,15,18,65),(1500,19,65,10,16,78,ENE,113,((http://cdn.worldweatheronline.net/images/wsymbols01_png_64/wsymbol_0001_sunny.png)),((Sunny)),0.1,69,10,1013,5,19,65,13,55,19,65,11,18,19,65),(1800,16,61,8,12,78,ENE,176,((http://cdn.worldweatheronline.net/images/wsymbols01_png_64/wsymbol_0025_light_rain_showers_night.png)),((Patchy rain possible)),0.2,80,9,1012,25,16,61,12,54,16,61,10,17,16,61),(2100,13,56,6,9,87,E,113,((http://cdn.worldweatheronline.net/images/wsymbols01_png_64/wsymbol_0008_clear_sky_night.png)),((Clear)),0.2,84,10,1012,3,13,56,11,51,13,55,11,18,13,55)"
2009-02-14,"(06:34 AM,05:28 PM,10:55 PM,08:53 AM,Waxing Gibbous,55)",19,66,12,53,0.0,8.7,0,"(0,12,54,4,7,99,E,113,((http://cdn.worldweatheronline.net/images/wsymbols01_png_64/wsymbol_0008_clear_sky_night.png)),((Clear)),0.0,84,10,1012,2,12,54,10,50,12,54,10,15,12,54),(300,12,53,5,8,99,E,113,((http://cdn.worldweatheronline.net/images/wsymbols01_png_64/wsymbol_0008_clear_sky_night.png)),((Clear)),0.0,84,10,1011,2,12,53,9,48,11,52,11,17,11,52),(600,12,53,6,9,113,ESE,113,((http://cdn.worldweatheronline.net/images/wsymbols01_png_64/wsymbol_0008_clear_sky_night.png)),((Clear)),0.0,85,10,1010,1,12,53,9,49,11,51,13,20,11,51),(900,14,57,7,11,130,SE,113,((http://cdn.worldweatheronline.net/images/wsymbols01_png_64/wsymbol_0001_sunny.png)),((Sunny)),0.0,76,10,1010,0,14,57,10,50,13,56,11,17,13,56),(1200,18,64,7,11,155,SSE,113,((http://cdn.worldweatheronline.net/images/wsymbols01_png_64/wsymbol_0001_sunny.png)),((Sunny)),0.0,63,10,1011,0,18,64,11,51,18,64,8,13,18,64),(1500,19,66,6,9,177,S,113,((http://cdn.worldweatheronline.net/images/wsymbols01_png_64/wsymbol_0001_sunny.png)),((Sunny)),0.1,62,10,1011,12,19,66,12,53,19,66,7,11,19,66),(1800,17,63,8,12,144,SE,113,((http://cdn.worldweatheronline.net/images/wsymbols01_png_64/wsymbol_0008_clear_sky_night.png)),((Clear)),0.2,75,10,1010,4,17,63,13,55,17,63,12,19,17,63),(2100,15,58,10,15,186,S,113,((http://cdn.worldweatheronline.net/images/wsymbols01_png_64/wsymbol_0008_clear_sky_night.png)),((Clear)),0.3,83,10,1010,3,15,58,12,53,13,56,17,27,13,56)"
2009-02-15,"(06:33 AM,05:29 PM,11:57 PM,09:25 AM,Waxing Gibbous,62)",15,59,11,52,0.0,4.1,0,"(0,13,55,9,15,226,SW,113,((http://cdn.worldweatheronline.net/images/wsymbols01_png_64/wsymbol_0008_clear_sky_night.png)),((Clear)),0.1,82,10,1010,5,13,55,10,49,11,52,19,30,11,52),(300,12,53,9,14,237,WSW,113,((http://cdn.worldweatheronline.net/images/wsymbols01_png_64/wsymbol_0008_clear_sky_night.png)),((Clear)),0.2,78,10,1010,12,12,53,8,47,10,50,18,28,10,50),(600,11,52,13,21,218,SW,353,((http://cdn.worldweatheronline.net/images/wsymbols01_png_64/wsymbol_0025_light_rain_showers_night.png)),((Light rain shower)),0.3,78,10,1009,61,11,52,8,46,9,48,24,38,9,48),(900,13,55,14,23,212,SSW,353,((http://cdn.worldweatheronline.net/images/wsymbols01_png_64/wsymbol_0009_light_rain_showers.png)),((Light rain shower)),1.5,81,10,1009,74,13,55,9,49,10,51,21,33,10,51),(1200,14,57,19,31,231,SW,353,((http://cdn.worldweatheronline.net/images/wsymbols01_png_64/wsymbol_0009_light_rain_showers.png)),((Light rain shower)),1.2,78,10,1010,89,14,57,10,51,12,53,26,41,12,53),(1500,15,59,22,35,243,WSW,353,((http://cdn.worldweatheronline.net/images/wsymbols01_png_64/wsymbol_0009_light_rain_showers.png)),((Light rain shower)),2.3,72,10,1010,61,15,59,10,49,13,55,32,51,13,55),(1800,14,57,17,27,246,WSW,113,((http://cdn.worldweatheronline.net/images/wsymbols01_png_64/wsymbol_0008_clear_sky_night.png)),((Clear)),0.1,68,10,1011,11,14,57,8,47,12,54,19,31,12,54),(2100,13,55,15,24,245,WSW,113,((http://cdn.worldweatheronline.net/images/wsymbols01_png_64/wsymbol_0008_clear_sky_night.png)),((Clear)),0.1,72,10,1012,15,13,55,8,47,11,52,18,29,11,52)"
2009-02-16,"(06:32 AM,05:30 PM,No moonrise,10:00 AM,Waxing Gibbous,69)",14,56,10,50,0.0,7.2,0,"(0,11,52,12,20,253,WSW,176,((http://cdn.worldweatheronline.net/images/wsymbols01_png_64/wsymbol_0025_light_rain_showers_night.png)),((Patchy rain possible)),0.2,74,9,1013,15,11,52,7,44,9,48,22,35,9,48),(300,10,51,8,12,232,SW,353,((http://cdn.worldweatheronline.net/images/wsymbols01_png_64/wsymbol_0025_light_rain_showers_night.png)),((Light rain shower)),0.8,79,10,1011,46,10,51,7,44,9,48,13,22,9,48),(600,10,50,9,15,222,SW,389,((http://cdn.worldweatheronline.net/images/wsymbols01_png_64/wsymbol_0040_thunderstorms_night.png)),((Moderate or heavy rain with thunder)),5.4,88,6,1011,100,10,50,8,46,8,46,15,23,8,46),(900,11,52,6,10,276,W,389,((http://cdn.worldweatheronline.net/images/wsymbols01_png_64/wsymbol_0024_thunderstorms.png)),((Moderate or heavy rain with thunder)),12.1,90,6,1010,95,11,52,10,50,10,50,10,15,10,50),(1200,13,55,14,23,255,WSW,176,((http://cdn.worldweatheronline.net/images/wsymbols01_png_64/wsymbol_0009_light_rain_showers.png)),((Patchy rain possible)),0.5,76,9,1010,37,13,55,9,48,11,51,17,27,11,51),(1500,14,56,23,37,267,W,176,((http://cdn.worldweatheronline.net/images/wsymbols01_png_64/wsymbol_0009_light_rain_showers.png)),((Patchy rain possible)),1.0,71,9,1011,6,14,56,8,47,11,51,29,47,11,51),(1800,13,55,17,28,278,W,113,((http://cdn.worldweatheronline.net/images/wsymbols01_png_64/wsymbol_0008_clear_sky_night.png)),((Clear)),0.1,70,10,1012,2,13,55,8,46,10,51,20,32,10,51),(2100,12,53,14,23,272,W,113,((http://cdn.worldweatheronline.net/images/wsymbols01_png_64/wsymbol_0008_clear_sky_night.png)),((Clear)),0.1,69,10,1014,8,12,53,6,43,9,49,18,29,9,49)"
2009-02-17,"(06:30 AM,05:31 PM,12:57 AM,10:40 AM,Full Moon,98)",12,54,9,47,0.0,8.7,0,"(0,10,50,12,19,259,W,176,((http://cdn.worldweatheronline.net/images/wsymbols01_png_64/wsymbol_0025_light_rain_showers_night.png)),((Patchy rain possible)),0.8,76,9,1015,6,10,50,6,42,7,45,20,32,7,45),(300,9,48,11,17,263,W,176,((http://cdn.worldweatheronline.net/images/wsymbols01_png_64/wsymbol_0025_light_rain_showers_night.png)),((Patchy rain possible)),1.2,73,9,1016,6,9,48,5,40,7,44,19,31,7,44),(600,9,47,8,13,289,WNW,176,((http://cdn.worldweatheronline.net/images/wsymbols01_png_64/wsymbol_0025_light_rain_showers_night.png)),((Patchy rain possible)),0.3,71,9,1016,18,9,47,4,39,6,44,16,26,6,44),(900,10,50,7,12,293,WNW,176,((http://cdn.worldweatheronline.net/images/wsymbols01_png_64/wsymbol_0009_light_rain_showers.png)),((Patchy rain possible)),0.4,66,9,1018,16,10,50,4,39,8,47,12,19,8,47),(1200,12,53,8,13,291,WNW,113,((http://cdn.worldweatheronline.net/images/wsymbols01_png_64/wsymbol_0001_sunny.png)),((Sunny)),0.3,61,10,1020,11,12,53,4,40,10,50,10,16,10,50),(1500,12,54,9,15,288,WNW,113,((http://cdn.worldweatheronline.net/images/wsymbols01_png_64/wsymbol_0001_sunny.png)),((Sunny)),0.5,55,10,1020,10,12,54,4,38,11,52,12,19,11,52),(1800,12,53,11,17,284,WNW,113,((http://cdn.worldweatheronline.net/images/wsymbols01_png_64/wsymbol_0008_clear_sky_night.png)),((Clear)),0.1,65,10,1019,4,12,53,5,42,10,49,15,24,10,49),(2100,11,51,9,15,271,W,113,((http://cdn.worldweatheronline.net/images/wsymbols01_png_64/wsymbol_0008_clear_sky_night.png)),((Clear)),0.1,67,10,1019,13,11,51,5,40,9,47,13,22,9,47)"
2009-02-18,"(06:29 AM,05:32 PM,01:55 AM,11:26 AM,Full Moon,98)",11,53,9,47,0.0,4.1,0,"(0,10,49,8,13,252,WSW,113,((http://cdn.worldweatheronline.net/images/wsymbols01_png_64/wsymbol_0008_clear_sky_night.png)),((Clear)),0.0,72,10,1019,17,10,49,5,40,8,46,13,22,8,46),(300,9,48,8,13,249,WSW,119,((http://cdn.worldweatheronline.net/images/wsymbols01_png_64/wsymbol_0004_black_low_cloud.png)),((Cloudy)),0.1,75,10,1019,65,9,48,5,41,7,44,15,23,7,44),(600,9,47,9,14,268,W,176,((http://cdn.worldweatheronline.net/images/wsymbols01_png_64/wsymbol_0025_light_rain_showers_night.png)),((Patchy rain possible)),1.2,82,9,1019,36,9,47,6,42,6,43,16,26,6,43),(900,10,49,2,4,207,SSW,353,((http://cdn.worldweatheronline.net/images/wsymbols01_png_64/wsymbol_0009_light_rain_showers.png)),((Light rain shower)),2.1,84,10,1019,100,10,49,7,45,10,49,4,6,10,49),(1200,11,51,4,6,186,S,293,((http://cdn.worldweatheronline.net/images/wsymbols01_png_64/wsymbol_0017_cloudy_with_light_rain.png)),((Patchy light rain)),1.4,87,9,1020,66,11,51,9,48,10,50,4,7,10,50),(1500,11,53,2,4,145,SE,299,((http://cdn.worldweatheronline.net/images/wsymbols01_png_64/wsymbol_0010_heavy_rain_showers.png)),((Moderate rain at times)),2.9,89,8,1019,66,11,53,10,49,12,53,3,4,12,53),(1800,11,51,3,5,98,E,263,((http://cdn.worldweatheronline.net/images/wsymbols01_png_64/wsymbol_0025_light_rain_showers_night.png)),((Patchy light drizzle)),0.2,89,5,1018,55,11,51,9,48,11,51,5,8,11,51),(2100,10,50,5,9,96,E,266,((http://cdn.worldweatheronline.net/images/wsymbols01_png_64/wsymbol_0033_cloudy_with_light_rain_night.png)),((Light drizzle)),0.2,86,2,1019,79,10,50,8,46,9,48,9,15,9,48)"
2009-02-19,"(06:28 AM,05:33 PM,02:47 AM,12:17 PM,Full Moon,98)",16,61,10,50,0.0,5.7,0,"(0,12,54,6,10,78,ENE,176,((http://cdn.worldweatheronline.net/images/wsymbols01_png_64/wsymbol_0025_light_rain_showers_night.png)),((Patchy rain possible)),0.3,87,9,1019,43,12,54,10,50,11,52,8,13,11,52),(300,11,51,9,15,80,E,296,((http://cdn.worldweatheronline.net/images/wsymbols01_png_64/wsymbol_0033_cloudy_with_light_rain_night.png)),((Light rain)),0.9,90,9,1018,93,11,51,9,49,9,48,14,22,9,48),(600,10,50,11,17,78,ENE,302,((http://cdn.worldweatheronline.net/images/wsymbols01_png_64/wsymbol_0034_cloudy_with_heavy_rain_night.png)),((Moderate rain)),3.0,92,7,1016,100,10,50,9,48,8,46,19,30,8,46),(900,12,54,13,21,77,ENE,302,((http://cdn.worldweatheronline.net/images/wsymbols01_png_64/wsymbol_0018_cloudy_with_heavy_rain.png)),((Moderate rain)),6.2,93,7,1014,100,12,54,11,52,10,50,18,28,10,50),(1200,15,59,12,20,69,ENE,263,((http://cdn.worldweatheronline.net/images/wsymbols01_png_64/wsymbol_0009_light_rain_showers.png)),((Patchy light drizzle)),0.7,86,5,1012,68,15,59,12,54,13,56,14,23,13,56),(1500,16,61,17,27,61,ENE,263,((http://cdn.worldweatheronline.net/images/wsymbols01_png_64/wsymbol_0009_light_rain_showers.png)),((Patchy light drizzle)),0.7,83,5,1010,56,16,61,13,56,16,61,19,31,16,61),(1800,15,59,18,29,55,NE,266,((http://cdn.worldweatheronline.net/images/wsymbols01_png_64/wsymbol_0033_cloudy_with_light_rain_night.png)),((Light drizzle)),0.3,89,2,1009,89,15,59,13,56,13,55,21,33,13,55),(2100,13,55,15,24,49,NE,263,((http://cdn.worldweatheronline.net/images/wsymbols01_png_64/wsymbol_0025_light_rain_showers_night.png)),((Patchy light drizzle)),0.4,85,5,1010,45,13,55,11,51,11,51,17,28,11,51)"
2009-02-20,"(06:27 AM,05:34 PM,03:35 AM,01:13 PM,Full Moon,98)",15,59,10,51,0.0,7.2,0,"(0,12,54,13,21,51,NE,116,((http://cdn.worldweatheronline.net/images/wsymbols01_png_64/wsymbol_0004_black_low_cloud.png)),((Partly cloudy)),0.0,90,10,1010,53,12,54,10,51,10,50,16,26,10,50),(300,11,52,11,18,81,E,176,((http://cdn.worldweatheronline.net/images/wsymbols01_png_64/wsymbol_0025_light_rain_showers_night.png)),((Patchy rain possible)),0.2,89,9,1008,24,11,52,9,49,9,48,17,27,9,48),(600,10,51,4,7,137,SE,389,((http://cdn.worldweatheronline.net/images/wsymbols01_png_64/wsymbol_0040_thunderstorms_night.png)),((Moderate or heavy rain with thunder)),1.8,89,6,1008,78,10,51,9,48,10,49,8,13,10,49),(900,12,54,9,15,278,W,356,((http://cdn.worldweatheronline.net/images/wsymbols01_png_64/wsymbol_0010_heavy_rain_showers.png)),((Moderate or heavy rain shower)),3.5,83,7,1009,51,12,54,9,49,11,51,14,23,11,51),(1200,14,57,15,24,269,W,353,((http://cdn.worldweatheronline.net/images/wsymbols01_png_64/wsymbol_0009_light_rain_showers.png)),((Light rain shower)),0.9,78,10,1009,77,14,57,10,50,12,54,20,32,12,54),(1500,15,59,20,32,258,WSW,176,((http://cdn.worldweatheronline.net/images/wsymbols01_png_64/wsymbol_0009_light_rain_showers.png)),((Patchy rain possible)),1.6,66,9,1009,27,15,59,9,47,13,55,28,45,13,55),(1800,14,57,16,26,258,WSW,113,((http://cdn.worldweatheronline.net/images/wsymbols01_png_64/wsymbol_0008_clear_sky_night.png)),((Clear)),0.0,61,10,1008,15,14,57,7,44,12,54,19,30,12,54),(2100,13,55,15,25,258,WSW,116,((http://cdn.worldweatheronline.net/images/wsymbols01_png_64/wsymbol_0004_black_low_cloud.png)),((Partly cloudy)),0.0,69,10,1008,36,13,55,7,45,10,51,18,28,10,51)"
2009-02-21,"(06:26 AM,05:35 PM,04:16 AM,02:11 PM,Waning Gibbous,97)",13,56,9,48,0.0,8.7,0,"(0,10,50,15,25,259,WSW,353,((http://cdn.worldweatheronline.net/images/wsymbols01_png_64/wsymbol_0025_light_rain_showers_night.png)),((Light rain shower)),0.2,73,10,1008,65,10,50,6,42,7,45,24,39,7,45),(300,9,49,14,23,258,WSW,353,((http://cdn.worldweatheronline.net/images/wsymbols01_png_64/wsymbol_0025_light_rain_showers_night.png)),((Light rain shower)),0.9,82,10,1006,83,9,49,6,44,6,43,22,36,6,43),(600,9,48,17,28,257,WSW,353,((http://cdn.worldweatheronline.net/images/wsymbols01_png_64/wsymbol_0025_light_rain_showers_night.png)),((Light rain shower)),1.0,80,10,1005,74,9,48,5,42,5,41,27,43,5,41),(900,10,51,20,33,278,W,176,((http://cdn.worldweatheronline.net/images/wsymbols01_png_64/wsymbol_0009_light_rain_showers.png)),((Patchy rain possible)),1.5,72,9,1006,26,10,51,6,42,7,44,29,46,7,44),(1200,12,54,25,40,284,WNW,113,((http://cdn.worldweatheronline.net/images/wsymbols01_png_64/wsymbol_0001_sunny.png)),((Sunny)),0.0,59,10,1008,8,12,54,4,40,9,48,31,50,9,48),(1500,13,56,22,36,284,WNW,113,((http://cdn.worldweatheronline.net/images/wsymbols01_png_64/wsymbol_0001_sunny.png)),((Sunny)),0.2,57,10,1008,8,13,56,5,41,10,51,26,42,10,51),(1800,12,54,17,27,282,WNW,113,((http://cdn.worldweatheronline.net/images/wsymbols01_png_64/wsymbol_0008_clear_sky_night.png)),((Clear)),0.1,65,10,1008,0,12,54,6,43,10,49,19,31,10,49),(2100,11,52,13,21,292,WNW,113,((http://cdn.worldweatheronline.net/images/wsymbols01_png_64/wsymbol_0008_clear_sky_night.png)),((Clear)),0.1,69,10,1009,3,11,52,5,42,8,47,17,28,8,47)"
2009-02-22,"(06:25 AM,05:36 PM,04:52 AM,03:11 PM,Waning Gibbous,90)",13,55,8,47,0.0,7.2,0,"(0,9,49,12,19,310,NW,113,((http://cdn.worldweatheronline.net/images/wsymbols01_png_64/wsymbol_0008_clear_sky_night.png)),((Clear)),0.0,68,10,1011,5,9,49,4,39,7,44,20,32,7,44),(300,9,47,9,14,312,NW,113,((http://cdn.worldweatheronline.net/images/wsymbols01_png_64/wsymbol_0008_clear_sky_night.png)),((Clear)),0.0,69,10,1010,4,9,47,3,38,6,43,16,26,6,43),(600,8,47,7,11,293,WNW,113,((http://cdn.worldweatheronline.net/images/wsymbols01_png_64/wsymbol_0008_clear_sky_night.png)),((Clear)),0.0,68,10,1010,4,8,47,3,37,7,44,14,22,7,44),(900,11,52,3,5,341,NNW,113,((http://cdn.worldweatheronline.net/images/wsymbols01_png_64/wsymbol_0001_sunny.png)),((Sunny)),0.0,60,10,1010,13,11,52,4,38,11,51,4,7,11,51),(1200,13,55,2,3,6,N,176,((http://cdn.worldweatheronline.net/images/wsymbols01_png_64/wsymbol_0009_light_rain_showers.png)),((Patchy rain possible)),0.2,57,9,1011,17,13,55,4,40,13,56,2,4,13,56),(1500,12,54,1,2,242,WSW,353,((http://cdn.worldweatheronline.net/images/wsymbols01_png_64/wsymbol_0009_light_rain_showers.png)),((Light rain shower)),0.9,60,10,1010,81,12,54,5,41,12,54,1,2,12,54),(1800,12,53,5,8,261,W,176,((http://cdn.worldweatheronline.net/images/wsymbols01_png_64/wsymbol_0025_light_rain_showers_night.png)),((Patchy rain possible)),0.6,67,9,1010,47,12,53,6,42,11,51,7,12,11,51),(2100,10,50,6,9,272,W,176,((http://cdn.worldweatheronline.net/images/wsymbols01_png_64/wsymbol_0025_light_rain_showers_night.png)),((Patchy rain possible)),0.8,71,9,1010,23,10,50,5,41,9,47,10,16,9,47)"
2009-02-23,"(06:23 AM,05:37 PM,05:24 AM,04:11 PM,Waning Gibbous,83)",13,56,8,46,0.0,8.7,0,"(0,9,48,6,9,245,WSW,113,((http://cdn.worldweatheronline.net/images/wsymbols01_png_64/wsymbol_0008_clear_sky_night.png)),((Clear)),0.0,72,10,1010,10,9,48,4,39,7,45,11,18,7,45),(300,8,47,5,9,257,WSW,113,((http://cdn.worldweatheronline.net/images/wsymbols01_png_64/wsymbol_0008_clear_sky_night.png)),((Clear)),0.0,74,10,1011,9,8,47,4,39,7,44,11,18,7,44),(600,8,46,5,8,267,W,116,((http://cdn.worldweatheronline.net/images/wsymbols01_png_64/wsymbol_0004_black_low_cloud.png)),((Partly cloudy)),0.1,76,10,1010,39,8,46,4,39,6,44,11,17,6,44),(900,11,52,1,1,179,S,176,((http://cdn.worldweatheronline.net/images/wsymbols01_png_64/wsymbol_0009_light_rain_showers.png)),((Patchy rain possible)),0.3,67,9,1010,26,11,52,5,41,11,52,1,1,11,52),(1200,13,55,7,11,119,ESE,176,((http://cdn.worldweatheronline.net/images/wsymbols01_png_64/wsymbol_0009_light_rain_showers.png)),((Patchy rain possible)),0.4,63,9,1012,31,13,55,6,42,12,53,8,13,12,53),(1500,13,56,9,14,140,SE,176,((http://cdn.worldweatheronline.net/images/wsymbols01_png_64/wsymbol_0009_light_rain_showers.png)),((Patchy rain possible)),1.0,62,9,1010,18,13,56,6,43,12,54,11,18,12,54),(1800,11,53,9,15,149,SSE,176,((http://cdn.worldweatheronline.net/images/wsymbols01_png_64/wsymbol_0025_light_rain_showers_night.png)),((Patchy rain possible)),0.4,70,9,1010,47,11,53,6,43,10,49,14,22,10,49),(2100,11,52,13,21,163,SSE,386,((http://cdn.worldweatheronline.net/images/wsymbols01_png_64/wsymbol_0032_thundery_showers_night.png)),((Patchy light rain with thunder)),1.9,81,10,1010,71,11,52,8,46,8,47,19,30,8,47)"
2009-02-24,"(06:22 AM,05:38 PM,05:52 AM,05:11 PM,Waning Gibbous,76)",13,56,10,50,0.0,7.2,0,"(0,11,52,12,19,231,SW,353,((http://cdn.worldweatheronline.net/images/wsymbols01_png_64/wsymbol_0025_light_rain_showers_night.png)),((Light rain shower)),2.2,83,10,1010,77,11,52,8,47,9,48,20,32,9,48),(300,10,51,9,15,245,WSW,176,((http://cdn.worldweatheronline.net/images/wsymbols01_png_64/wsymbol_0025_light_rain_showers_night.png)),((Patchy rain possible)),2.3,79,9,1010,12,10,51,7,44,8,47,17,27,8,47),(600,10,50,8,13,203,SSW,116,((http://cdn.worldweatheronline.net/images/wsymbols01_png_64/wsymbol_0004_black_low_cloud.png)),((Partly cloudy)),0.1,77,10,1010,35,10,50,6,43,8,46,16,26,8,46),(900,11,52,9,15,200,SSW,176,((http://cdn.worldweatheronline.net/images/wsymbols01_png_64/wsymbol_0009_light_rain_showers.png)),((Patchy rain possible)),0.6,79,9,1010,38,11,52,8,46,9,49,15,23,9,49),(1200,13,55,14,22,230,SW,353,((http://cdn.worldweatheronline.net/images/wsymbols01_png_64/wsymbol_0009_light_rain_showers.png)),((Light rain shower)),1.2,80,10,1012,70,13,55,9,48,10,51,18,29,10,51),(1500,13,56,14,23,254,WSW,353,((http://cdn.worldweatheronline.net/images/wsymbols01_png_64/wsymbol_0009_light_rain_showers.png)),((Light rain shower)),1.5,65,10,1013,53,13,56,7,44,11,52,20,32,11,52),(1800,13,55,9,15,263,W,116,((http://cdn.worldweatheronline.net/images/wsymbols01_png_64/wsymbol_0004_black_low_cloud.png)),((Partly cloudy)),0.0,68,10,1014,33,13,55,7,44,11,52,13,21,11,52),(2100,12,53,5,8,261,W,116,((http://cdn.worldweatheronline.net/images/wsymbols01_png_64/wsymbol_0004_black_low_cloud.png)),((Partly cloudy)),0.0,71,10,1015,33,12,53,7,44,11,51,8,13,11,51)"
2009-02-25,"(06:21 AM,05:39 PM,06:19 AM,06:11 PM,Last Quarter,69)",13,55,9,47,0.0,7.2,0,"(0,10,50,4,7,267,W,116,((http://cdn.worldweatheronline.net/images/wsymbols01_png_64/wsymbol_0004_black_low_cloud.png)),((Partly cloudy)),0.0,75,10,1015,46,10,50,6,42,9,48,9,14,9,48),(300,9,48,1,2,309,NW,116,((http://cdn.worldweatheronline.net/images/wsymbols01_png_64/wsymbol_0004_black_low_cloud.png)),((Partly cloudy)),0.0,79,10,1016,55,9,48,5,42,9,48,3,4,9,48),(600,9,47,3,4,336,NNW,119,((http://cdn.worldweatheronline.net/images/wsymbols01_png_64/wsymbol_0004_black_low_cloud.png)),((Cloudy)),0.0,79,10,1016,64,9,47,5,41,8,47,6,9,8,47),(900,12,53,3,4,89,E,116,((http://cdn.worldweatheronline.net/images/wsymbols01_png_64/wsymbol_0002_sunny_intervals.png)),((Partly cloudy)),0.0,70,10,1016,48,12,53,6,43,12,53,4,6,12,53),(1200,13,55,2,3,189,S,119,((http://cdn.worldweatheronline.net/images/wsymbols01_png_64/wsymbol_0003_white_cloud.png)),((Cloudy)),0.0,64,10,1017,68,13,55,6,44,13,55,2,3,13,55),(1500,13,55,2,3,232,SW,263,((http://cdn.worldweatheronline.net/images/wsymbols01_png_64/wsymbol_0009_light_rain_showers.png)),((Patchy light drizzle)),0.5,67,5,1016,50,13,55,7,44,13,56,3,4,13,56),(1800,13,55,1,1,191,SSW,176,((http://cdn.worldweatheronline.net/images/wsymbols01_png_64/wsymbol_0025_light_rain_showers_night.png)),((Patchy rain possible)),0.4,72,9,1016,30,13,55,8,46,13,55,1,2,13,55),(2100,11,51,5,9,108,ESE,176,((http://cdn.worldweatheronline.net/images/wsymbols01_png_64/wsymbol_0025_light_rain_showers_night.png)),((Patchy rain possible)),0.4,77,9,1015,14,11,51,7,44,9,49,11,17,9,49)"
2009-02-26,"(06:20 AM,05:40 PM,06:45 AM,07:12 PM,Last Quarter,62)",18,64,11,51,0.0,7.2,0,"(0,9,49,7,11,109,ESE,113,((http://cdn.worldweatheronline.net/images/wsymbols01_png_64/wsymbol_0008_clear_sky_night.png)),((Clear)),0.0,81,10,1014,21,9,49,6,43,8,46,14,23,8,46),(300,10,50,9,15,115,ESE,116,((http://cdn.worldweatheronline.net/images/wsymbols01_png_64/wsymbol_0004_black_low_cloud.png)),((Partly cloudy)),0.0,82,10,1013,34,10,50,7,44,8,46,20,32,8,46),(600,11,51,8,12,124,SE,116,((http://cdn.worldweatheronline.net/images/wsymbols01_png_64/wsymbol_0004_black_low_cloud.png)),((Partly cloudy)),0.1,83,10,1012,49,11,51,8,46,9,48,15,25,9,48),(900,11,53,9,14,136,SE,293,((http://cdn.worldweatheronline.net/images/wsymbols01_png_64/wsymbol_0017_cloudy_with_light_rain.png)),((Patchy light rain)),1.1,83,9,1010,45,11,53,9,47,10,50,16,25,10,50),(1200,17,62,14,23,148,SSE,386,((http://cdn.worldweatheronline.net/images/wsymbols01_png_64/wsymbol_0016_thundery_showers.png)),((Patchy light rain with thunder)),1.9,74,10,1010,63,17,62,12,53,17,62,18,30,17,62),(1500,18,64,13,22,166,SSE,356,((http://cdn.worldweatheronline.net/images/wsymbols01_png_64/wsymbol_0010_heavy_rain_showers.png)),((Moderate or heavy rain shower)),4.5,73,7,1008,25,18,64,13,55,18,64,23,36,18,64),(1800,15,59,10,16,174,S,353,((http://cdn.worldweatheronline.net/images/wsymbols01_png_64/wsymbol_0025_light_rain_showers_night.png)),((Light rain shower)),1.2,78,10,1006,38,15,59,11,52,14,57,13,21,14,57),(2100,11,52,9,15,194,SSW,353,((http://cdn.worldweatheronline.net/images/wsymbols01_png_64/wsymbol_0025_light_rain_showers_night.png)),((Light rain shower)),1.6,83,10,1006,74,11,52,8,47,9,49,17,27,9,49)"
2009-02-27,"(06:19 AM,05:41 PM,07:11 AM,08:14 PM,Last Quarter,55)",13,55,9,48,0.0,8.7,0,"(0,10,51,6,10,242,WSW,353,((http://cdn.worldweatheronline.net/images/wsymbols01_png_64/wsymbol_0025_light_rain_showers_night.png)),((Light rain shower)),0.3,86,10,1006,100,10,51,8,47,9,48,11,17,9,48),(300,10,49,9,14,261,W,353,((http://cdn.worldweatheronline.net/images/wsymbols01_png_64/wsymbol_0025_light_rain_showers_night.png)),((Light rain shower)),0.8,87,10,1005,51,10,49,7,45,8,46,17,27,8,46),(600,9,48,7,12,278,W,353,((http://cdn.worldweatheronline.net/images/wsymbols01_png_64/wsymbol_0025_light_rain_showers_night.png)),((Light rain shower)),1.3,87,10,1004,38,9,48,7,44,7,45,15,24,7,45),(900,11,51,7,11,278,W,353,((http://cdn.worldweatheronline.net/images/wsymbols01_png_64/wsymbol_0009_light_rain_showers.png)),((Light rain shower)),2.0,83,10,1005,50,11,51,8,46,9,49,11,17,9,49),(1200,12,54,9,14,276,W,176,((http://cdn.worldweatheronline.net/images/wsymbols01_png_64/wsymbol_0009_light_rain_showers.png)),((Patchy rain possible)),0.4,77,9,1006,43,12,54,8,47,11,51,11,18,11,51),(1500,13,55,13,21,271,W,353,((http://cdn.worldweatheronline.net/images/wsymbols01_png_64/wsymbol_0009_light_rain_showers.png)),((Light rain shower)),1.2,75,10,1006,38,13,55,9,47,11,52,17,28,11,52),(1800,12,54,12,19,262,W,353,((http://cdn.worldweatheronline.net/images/wsymbols01_png_64/wsymbol_0025_light_rain_showers_night.png)),((Light rain shower)),0.9,79,10,1006,67,12,54,9,48,10,50,15,25,10,50),(2100,11,52,11,17,246,WSW,353,((http://cdn.worldweatheronline.net/images/wsymbols01_png_64/wsymbol_0025_light_rain_showers_night.png)),((Light rain shower)),0.9,80,10,1006,67,11,52,8,46,9,48,14,23,9,48)"
2009-02-28,"(06:17 AM,05:41 PM,07:40 AM,09:20 PM,Waning Crescent,48)",13,55,8,47,0.0,7.2,0,"(0,10,49,9,14,215,SW,386,((http://cdn.worldweatheronline.net/images/wsymbols01_png_64/wsymbol_0032_thundery_showers_night.png)),((Patchy light rain with thunder)),0.6,81,10,1006,33,10,49,7,44,8,46,13,21,8,46),(300,9,48,9,14,249,WSW,353,((http://cdn.worldweatheronline.net/images/wsymbols01_png_64/wsymbol_0025_light_rain_showers_night.png)),((Light rain shower)),0.9,84,10,1005,39,9,48,6,43,7,44,14,22,7,44),(600,8,47,11,18,283,WNW,176,((http://cdn.worldweatheronline.net/images/wsymbols01_png_64/wsymbol_0025_light_rain_showers_night.png)),((Patchy rain possible)),0.2,85,9,1005,23,8,47,6,42,5,42,18,29,5,42),(900,10,50,11,18,283,WNW,113,((http://cdn.worldweatheronline.net/images/wsymbols01_png_64/wsymbol_0001_sunny.png)),((Sunny)),0.2,76,10,1006,9,10,50,6,43,8,46,17,27,8,46),(1200,12,53,10,15,271,W,176,((http://cdn.worldweatheronline.net/images/wsymbols01_png_64/wsymbol_0009_light_rain_showers.png)),((Patchy rain possible)),0.3,68,9,1007,23,12,53,6,43,10,50,13,21,10,50),(1500,13,55,10,17,258,WSW,353,((http://cdn.worldweatheronline.net/images/wsymbols01_png_64/wsymbol_0009_light_rain_showers.png)),((Light rain shower)),1.5,72,10,1007,65,13,55,8,46,11,52,14,23,11,52),(1800,12,53,8,12,279,W,353,((http://cdn.worldweatheronline.net/images/wsymbols01_png_64/wsymbol_0025_light_rain_showers_night.png)),((Light rain shower)),2.2,78,10,1006,50,12,53,8,47,10,51,12,19,10,51),(2100,10,51,6,10,264,W,356,((http://cdn.worldweatheronline.net/images/wsymbols01_png_64/wsymbol_0026_heavy_rain_showers_night.png)),((Moderate or heavy rain shower)),3.5,81,7,1008,32,10,51,7,45,9,48,11,18,9,48)"
2009-03-01,"(06:16 AM,05:42 PM,08:11 AM,10:26 PM,Waning Crescent,34)",12,54,10,50,0.0,8.7,0,"(0,9,48,4,6,316,NW,176,((http://cdn.worldweatheronline.net/images/wsymbols01_png_64/wsymbol_0025_light_rain_showers_night.png)),((Patchy rain possible)),1.5,82,9,1008,18,9,48,6,43,8,47,7,12,8,47),(300,8,47,7,11,4,N,356,((http://cdn.worldweatheronline.net/images/wsymbols01_png_64/wsymbol_0026_heavy_rain_showers_night.png)),((Moderate or heavy rain shower)),3.0,81,7,1008,27,8,47,5,42,7,44,14,22,7,44),(600,10,50,10,17,10,N,386,((http://cdn.worldweatheronline.net/images/wsymbols01_png_64/wsymbol_0032_thundery_showers_night.png)),((Patchy light rain with thunder)),1.9,82,10,1009,27,10,50,7,44,8,46,16,26,8,46),(900,11,52,14,23,1,N,356,((http://cdn.worldweatheronline.net/images/wsymbols01_png_64/wsymbol_0010_heavy_rain_showers.png)),((Moderate or heavy rain shower)),2.7,77,7,1011,32,11,52,7,45,9,48,23,36,9,48),(1200,12,53,14,22,329,NNW,113,((http://cdn.worldweatheronline.net/images/wsymbols01_png_64/wsymbol_0001_sunny.png)),((Sunny)),0.0,54,10,1015,5,12,53,3,37,9,49,22,35,9,49),(1500,12,54,11,18,309,NW,113,((http://cdn.worldweatheronline.net/images/wsymbols01_png_64/wsymbol_0001_sunny.png)),((Sunny)),0.0,50,10,1015,5,12,54,2,36,10,50,19,31,10,50),(1800,11,52,6,10,319,NW,113,((http://cdn.worldweatheronline.net/images/wsymbols01_png_64/wsymbol_0008_clear_sky_night.png)),((Clear)),0.0,57,10,1016,6,11,52,3,37,10,49,12,19,10,49),(2100,11,51,8,13,335,NNW,113,((http://cdn.worldweatheronline.net/images/wsymbols01_png_64/wsymbol_0008_clear_sky_night.png)),((Clear)),0.0,62,10,1018,0,11,51,4,39,9,48,14,22,9,48)"
2009-03-02,"(06:15 AM,05:43 PM,08:48 AM,11:36 PM,Waning Crescent,28)",14,56,8,46,0.0,7.2,0,"(0,9,48,7,11,354,N,113,((http://cdn.worldweatheronline.net/images/wsymbols01_png_64/wsymbol_0008_clear_sky_night.png)),((Clear)),0.0,68,10,1019,0,9,48,3,38,7,44,14,22,7,44),(300,7,45,4,7,353,N,113,((http://cdn.worldweatheronline.net/images/wsymbols01_png_64/wsymbol_0008_clear_sky_night.png)),((Clear)),0.0,73,10,1019,9,7,45,3,37,6,43,10,15,6,43),(600,8,46,5,9,314,NW,113,((http://cdn.worldweatheronline.net/images/wsymbols01_png_64/wsymbol_0008_clear_sky_night.png)),((Clear)),0.0,73,10,1019,23,8,46,3,38,6,43,11,18,6,43),(900,11,51,6,9,330,NNW,116,((http://cdn.worldweatheronline.net/images/wsymbols01_png_64/wsymbol_0002_sunny_intervals.png)),((Partly cloudy)),0.0,63,10,1019,47,11,51,4,39,10,49,8,13,10,49),(1200,13,55,8,13,277,W,116,((http://cdn.worldweatheronline.net/images/wsymbols01_png_64/wsymbol_0002_sunny_intervals.png)),((Partly cloudy)),0.0,57,10,1020,48,13,55,5,40,12,53,9,15,12,53),(1500,14,56,8,12,264,W,119,((http://cdn.worldweatheronline.net/images/wsymbols01_png_64/wsymbol_0003_white_cloud.png)),((Cloudy)),0.0,56,10,1019,66,14,56,5,41,13,55,9,15,13,55),(1800,13,55,7,11,272,W,119,((http://cdn.worldweatheronline.net/images/wsymbols01_png_64/wsymbol_0004_black_low_cloud.png)),((Cloudy)),0.0,66,10,1019,77,13,55,6,43,11,53,10,17,11,53),(2100,11,52,7,12,274,W,116,((http://cdn.worldweatheronline.net/images/wsymbols01_png_64/wsymbol_0004_black_low_cloud.png)),((Partly cloudy)),0.0,74,10,1019,46,11,52,7,44,10,49,13,20,10,49)"
2009-03-03,"(06:13 AM,05:44 PM,09:32 AM,No moonset,Waning Crescent,21)",16,61,11,51,0.0,8.7,0,"(0,11,52,7,11,263,W,116,((http://cdn.worldweatheronline.net/images/wsymbols01_png_64/wsymbol_0004_black_low_cloud.png)),((Partly cloudy)),0.0,77,10,1019,40,11,52,7,44,10,49,12,19,10,49),(300,10,51,8,13,258,WSW,116,((http://cdn.worldweatheronline.net/images/wsymbols01_png_64/wsymbol_0004_black_low_cloud.png)),((Partly cloudy)),0.0,82,10,1017,35,10,51,7,45,9,48,15,24,9,48),(600,11,51,9,15,267,W,116,((http://cdn.worldweatheronline.net/images/wsymbols01_png_64/wsymbol_0004_black_low_cloud.png)),((Partly cloudy)),0.2,82,10,1017,50,11,51,8,46,9,48,16,26,9,48),(900,13,55,12,19,279,W,116,((http://cdn.worldweatheronline.net/images/wsymbols01_png_64/wsymbol_0002_sunny_intervals.png)),((Partly cloudy)),0.1,76,10,1018,33,13,55,9,47,11,52,16,25,11,52),(1200,15,59,13,20,281,W,116,((http://cdn.worldweatheronline.net/images/wsymbols01_png_64/wsymbol_0002_sunny_intervals.png)),((Partly cloudy)),0.1,71,10,1018,52,15,59,10,50,14,56,15,23,14,56),(1500,16,61,11,18,273,W,113,((http://cdn.worldweatheronline.net/images/wsymbols01_png_64/wsymbol_0001_sunny.png)),((Sunny)),0.1,67,10,1017,17,16,61,10,50,16,61,13,21,16,61),(1800,14,58,13,21,270,W,113,((http://cdn.worldweatheronline.net/images/wsymbols01_png_64/wsymbol_0008_clear_sky_night.png)),((Clear)),0.4,75,10,1017,12,14,58,10,50,13,55,18,28,13,55),(2100,12,54,12,19,269,W,113,((http://cdn.worldweatheronline.net/images/wsymbols01_png_64/wsymbol_0008_clear_sky_night.png)),((Clear)),0.4,83,10,1017,7,12,54,9,49,10,50,20,32,10,50)"
2009-03-04,"(06:12 AM,05:45 PM,10:24 AM,12:43 AM,Waning Crescent,14)",18,64,12,53,0.0,8.7,0,"(0,12,53,9,15,262,W,113,((http://cdn.worldweatheronline.net/images/wsymbols01_png_64/wsymbol_0008_clear_sky_night.png)),((Clear)),0.0,87,10,1019,10,12,53,10,50,10,51,17,27,10,51),(300,12,53,8,13,256,WSW,113,((http://cdn.worldweatheronline.net/images/wsymbols01_png_64/wsymbol_0008_clear_sky_night.png)),((Clear)),0.0,89,10,1018,7,12,53,10,50,11,51,14,23,11,51),(600,12,53,6,9,248,WSW,113,((http://cdn.worldweatheronline.net/images/wsymbols01_png_64/wsymbol_0008_clear_sky_night.png)),((Clear)),0.0,90,10,1018,10,12,53,10,50,11,51,11,18,11,51),(900,14,57,6,9,254,WSW,113,((http://cdn.worldweatheronline.net/images/wsymbols01_png_64/wsymbol_0001_sunny.png)),((Sunny)),0.0,84,10,1018,9,14,57,11,53,14,56,8,13,14,56),(1200,17,63,4,6,246,WSW,113,((http://cdn.worldweatheronline.net/images/wsymbols01_png_64/wsymbol_0001_sunny.png)),((Sunny)),0.1,68,10,1019,18,17,63,11,52,17,63,5,8,17,63),(1500,18,64,5,8,261,W,176,((http://cdn.worldweatheronline.net/images/wsymbols01_png_64/wsymbol_0009_light_rain_showers.png)),((Patchy rain possible)),0.3,67,9,1018,13,18,64,12,53,18,64,6,10,18,64),(1800,16,61,4,6,246,WSW,176,((http://cdn.worldweatheronline.net/images/wsymbols01_png_64/wsymbol_0025_light_rain_showers_night.png)),((Patchy rain possible)),0.3,76,9,1018,19,16,61,12,54,16,61,6,9,16,61),(2100,13,56,4,7,221,SW,113,((http://cdn.worldweatheronline.net/images/wsymbols01_png_64/wsymbol_0008_clear_sky_night.png)),((Clear)),0.3,83,10,1017,12,13,56,10,51,13,55,9,14,13,55)"
2009-03-05,"(06:11 AM,05:46 PM,11:26 AM,01:48 AM,Waning Crescent,7)",19,66,11,53,0.0,8.7,0,"(0,12,54,6,10,201,SSW,113,((http://cdn.worldweatheronline.net/images/wsymbols01_png_64/wsymbol_0008_clear_sky_night.png)),((Clear)),0.0,84,10,1018,24,12,54,10,50,12,53,13,21,12,53),(300,12,53,4,7,167,SSE,113,((http://cdn.worldweatheronline.net/images/wsymbols01_png_64/wsymbol_0008_clear_sky_night.png)),((Clear)),0.0,85,10,1017,4,12,53,9,48,11,52,9,15,11,52),(600,11,53,4,6,177,S,113,((http://cdn.worldweatheronline.net/images/wsymbols01_png_64/wsymbol_0008_clear_sky_night.png)),((Clear)),0.0,84,10,1017,5,11,53,9,48,11,52,8,13,11,52),(900,15,60,5,8,115,ESE,113,((http://cdn.worldweatheronline.net/images/wsymbols01_png_64/wsymbol_0001_sunny.png)),((Sunny)),0.0,78,10,1017,8,15,60,12,53,15,60,7,12,15,60),(1200,19,66,11,17,105,ESE,113,((http://cdn.worldweatheronline.net/images/wsymbols01_png_64/wsymbol_0001_sunny.png)),((Sunny)),0.0,71,10,1017,13,19,66,13,56,19,66,12,20,19,66),(1500,19,66,10,17,110,ESE,113,((http://cdn.worldweatheronline.net/images/wsymbols01_png_64/wsymbol_0001_sunny.png)),((Sunny)),0.0,70,10,1015,24,19,66,13,56,19,66,12,19,19,66),(1800,17,63,7,12,100,E,116,((http://cdn.worldweatheronline.net/images/wsymbols01_png_64/wsymbol_0004_black_low_cloud.png)),((Partly cloudy)),0.0,76,10,1015,58,17,63,13,55,17,63,10,17,17,63),(2100,15,58,8,13,88,E,116,((http://cdn.worldweatheronline.net/images/wsymbols01_png_64/wsymbol_0004_black_low_cloud.png)),((Partly cloudy)),0.0,80,10,1015,46,15,58,11,52,14,57,16,25,14,57)"
